customer_id,customer_segment,account_age_days,kyc_risk_score,avg_monthly_transaction_amount,usual_countries,usual_transaction_types,prior_sar_count
CUST-0001,Retail,2508,0.133,712.59,France|Turkey,INTERNATIONAL_REMITTANCE|WIRE,0
CUST-0002,Retail,2503,0.202,2358.42,UAE|Turkey,INTERNATIONAL_REMITTANCE|CHECK|WIRE|ACH,0
CUST-0003,SME,469,0.222,93468.81,Switzerland|France|UK,CARD|WIRE,0
CUST-0004,Retail,2351,0.129,3423.62,South Africa|Cyprus,CHECK|WIRE,0
CUST-0005,Retail,3639,0.158,8026.34,UK|USA,ACH|CARD|WIRE|CHECK,0
CUST-0006,Retail,3076,0.159,5903.32,Turkey|Germany|Switzerland,WIRE|ACH|CARD,0
CUST-0007,Retail,3387,0.328,2794.56,Singapore|Switzerland|India|Mexico,ACH|WIRE,0
CUST-0008,Retail,661,0.333,2293.35,Switzerland|Germany|China|Singapore,CHECK|ACH|INTERNATIONAL_REMITTANCE,0
CUST-0009,Retail,716,0.225,2733.3,Mexico|India|Germany|UK,CHECK|WIRE|INTERNATIONAL_REMITTANCE|CARD,0
CUST-0010,HNI,3238,0.129,119985.99,South Africa|Cyprus|France,WIRE|INTERNATIONAL_REMITTANCE|CARD|ACH,0
CUST-0011,Retail,716,0.186,4195.5,Cyprus|China|Mexico|UK,WIRE|CARD|CHECK|INTERNATIONAL_REMITTANCE,0
CUST-0012,Retail,3496,0.327,8604.75,Switzerland|Singapore,WIRE|CARD,0
CUST-0013,Retail,2792,0.22,2547.41,UK|Turkey,WIRE|ACH|INTERNATIONAL_REMITTANCE,0
CUST-0014,Retail,1884,0.312,2752.98,UAE|South Africa|Cyprus,ACH|CARD|INTERNATIONAL_REMITTANCE|CHECK,1
CUST-0015,Retail,2989,0.069,2607.2,Singapore|Hong Kong,WIRE|INTERNATIONAL_REMITTANCE,0
CUST-0016,Retail,3052,0.308,8196.07,Singapore|France,CHECK|ACH|CARD|WIRE,1
CUST-0017,Retail,2002,0.285,4517.7,UAE|Canada|South Africa,CHECK|CARD|ACH|INTERNATIONAL_REMITTANCE,1
CUST-0018,Retail,869,0.244,6054.37,Mexico|Turkey,WIRE|ACH|INTERNATIONAL_REMITTANCE,0
CUST-0019,Retail,472,0.189,2059.65,South Africa|Mexico,WIRE|INTERNATIONAL_REMITTANCE|CARD|CHECK,1
CUST-0020,HNI,98,0.319,62420.0,Mexico|South Africa,ACH|CHECK,3
CUST-0021,Retail,3103,0.187,7164.6,China|UK|Germany,ACH|WIRE|CARD,0
CUST-0022,HNI,2855,0.363,37862.19,India|USA|Cyprus|Canada,WIRE|INTERNATIONAL_REMITTANCE,1
CUST-0023,Retail,2833,0.221,8503.57,Canada|Hong Kong|China|UAE,INTERNATIONAL_REMITTANCE|CARD|ACH|WIRE,0
CUST-0024,Retail,2634,0.252,3864.18,South Africa|India|Mexico,WIRE|CHECK,3
CUST-0025,Corporate,1257,0.185,124450.99,France|South Africa|India,ACH|CARD,0
CUST-0026,HNI,562,0.375,183296.48,USA|Switzerland|Brazil|Cyprus,WIRE|ACH|CHECK,1
CUST-0027,HNI,468,0.227,59975.78,Switzerland|Germany,CARD|CHECK|ACH|WIRE,0
CUST-0028,HNI,548,0.25,34919.52,Cyprus|UK,CHECK|INTERNATIONAL_REMITTANCE|CARD|WIRE,0
CUST-0029,SME,3350,0.396,109432.14,France|UAE|UK,CARD|INTERNATIONAL_REMITTANCE,2
CUST-0030,Retail,3631,0.255,3541.38,Germany|India|Mexico|Cyprus,INTERNATIONAL_REMITTANCE|ACH|WIRE,0
CUST-0031,HNI,3315,0.286,64836.78,Switzerland|Mexico,ACH|CARD|WIRE,0
CUST-0032,Retail,2793,0.191,829.16,South Africa|India,ACH|INTERNATIONAL_REMITTANCE|WIRE,0
CUST-0033,Retail,562,0.34,7847.0,Turkey|Switzerland|Cyprus,INTERNATIONAL_REMITTANCE|CARD|WIRE,1
CUST-0034,Retail,2573,0.345,5435.01,Germany|Hong Kong,CARD|INTERNATIONAL_REMITTANCE|ACH,2
CUST-0035,Retail,376,0.107,8145.79,Brazil|USA,INTERNATIONAL_REMITTANCE|ACH|CHECK|CARD,2
CUST-0036,SME,2945,0.449,78547.1,Hong Kong|Cyprus,CHECK|CARD|ACH,0
CUST-0037,Retail,1265,0.332,4073.79,India|Hong Kong|South Africa|France,INTERNATIONAL_REMITTANCE|WIRE|ACH,0
CUST-0038,HNI,1252,0.245,161498.85,South Africa|Switzerland|Germany,CHECK|ACH|CARD|WIRE,0
CUST-0039,Retail,279,0.296,3349.1,Hong Kong|Germany,ACH|WIRE,0
CUST-0040,Retail,694,0.072,7722.77,UAE|Turkey|South Africa,CHECK|INTERNATIONAL_REMITTANCE|WIRE,0
CUST-0041,Retail,295,0.281,6883.2,Brazil|Germany,INTERNATIONAL_REMITTANCE|CHECK,0
CUST-0042,SME,741,0.21,23349.45,Switzerland|Mexico|Singapore,INTERNATIONAL_REMITTANCE|CHECK|CARD|ACH,0
CUST-0043,Retail,407,0.124,2703.13,Cyprus|Mexico|South Africa|China,ACH|CARD|INTERNATIONAL_REMITTANCE,0
CUST-0044,Retail,2983,0.318,3354.7,France|UK,CHECK|ACH,0
CUST-0045,Retail,1648,0.19,3312.49,UAE|Brazil,CHECK|WIRE|CARD,0
CUST-0046,SME,1682,0.325,42847.39,Singapore|China|Germany,CHECK|INTERNATIONAL_REMITTANCE|WIRE,0
CUST-0047,Retail,433,0.1,3936.69,France|Hong Kong|Cyprus,CHECK|WIRE,0
CUST-0048,Retail,3170,0.065,4424.44,Switzerland|Germany|Singapore,CARD|CHECK|ACH,2
CUST-0049,Retail,1102,0.191,7596.74,Canada|India|Germany|Switzerland,WIRE|INTERNATIONAL_REMITTANCE,0
CUST-0050,Retail,3275,0.088,1795.25,Germany|Hong Kong|China|Singapore,CARD|INTERNATIONAL_REMITTANCE|WIRE|CHECK,0
CUST-0051,Corporate,507,0.11,147966.66,Mexico|UAE|Turkey,WIRE|ACH,0
CUST-0052,Retail,141,0.292,6316.2,Canada|India|Cyprus|UAE,CARD|WIRE|INTERNATIONAL_REMITTANCE|ACH,1
CUST-0053,HNI,2612,0.532,48746.25,South Africa|Turkey|UK|UAE,INTERNATIONAL_REMITTANCE|CARD,0
CUST-0054,Retail,1088,0.181,4609.73,Cyprus|India|Brazil|Germany,CARD|CHECK,0
CUST-0055,Retail,1484,0.151,6179.6,Switzerland|UK|Singapore,CARD|INTERNATIONAL_REMITTANCE,0
CUST-0056,Retail,2040,0.217,7980.91,UAE|Canada|Germany|Turkey,CHECK|ACH|CARD,0
CUST-0057,Retail,2028,0.078,7239.93,Mexico|Turkey,CARD|INTERNATIONAL_REMITTANCE,0
CUST-0058,Retail,878,0.215,8971.37,South Africa|France|China,ACH|WIRE|CARD,0
CUST-0059,HNI,3500,0.411,238947.45,UAE|Turkey,CARD|INTERNATIONAL_REMITTANCE|WIRE,0
CUST-0060,Retail,510,0.054,2025.25,France|China|USA|Brazil,CARD|ACH|INTERNATIONAL_REMITTANCE|CHECK,1
CUST-0061,Retail,2104,0.182,4489.87,Canada|France,WIRE|INTERNATIONAL_REMITTANCE|ACH,0
CUST-0062,Retail,1935,0.095,955.68,Hong Kong|Canada|Germany|South Africa,CHECK|ACH|CARD|INTERNATIONAL_REMITTANCE,1
CUST-0063,Retail,2795,0.179,5502.46,Canada|Hong Kong|Turkey|China,ACH|CARD,0
CUST-0064,Retail,1270,0.097,5191.93,South Africa|Turkey|Hong Kong,CARD|WIRE|CHECK,0
CUST-0065,HNI,382,0.409,127157.05,UAE|China|Canada,ACH|INTERNATIONAL_REMITTANCE|CHECK|WIRE,0
CUST-0066,HNI,1883,0.471,158884.91,South Africa|Canada|Singapore,CARD|CHECK|ACH|INTERNATIONAL_REMITTANCE,0
CUST-0067,Retail,2450,0.147,4172.24,USA|Canada|Germany,INTERNATIONAL_REMITTANCE|WIRE|CARD|ACH,0
CUST-0068,HNI,1762,0.393,130862.69,India|Hong Kong|UAE,CHECK|WIRE|ACH|CARD,0
CUST-0069,Retail,1123,0.149,7790.73,China|France|Switzerland|UAE,WIRE|CHECK|INTERNATIONAL_REMITTANCE|ACH,0
CUST-0070,Corporate,2640,0.306,347818.16,South Africa|UAE,ACH|CARD,0
CUST-0071,Retail,2997,0.111,6959.92,France|South Africa|China|Singapore,CHECK|WIRE|INTERNATIONAL_REMITTANCE|CARD,0
CUST-0072,Retail,2174,0.078,5194.14,South Africa|Canada,ACH|CHECK|CARD|INTERNATIONAL_REMITTANCE,0
CUST-0073,Retail,3254,0.192,4601.25,France|UAE|Germany,INTERNATIONAL_REMITTANCE|ACH|WIRE|CHECK,0
CUST-0074,Retail,1919,0.202,8441.11,Hong Kong|Turkey,INTERNATIONAL_REMITTANCE|CHECK|WIRE,0
CUST-0075,Retail,268,0.213,5191.3,Switzerland|Brazil|Germany,ACH|CHECK|WIRE|INTERNATIONAL_REMITTANCE,0
CUST-0076,Retail,498,0.164,8264.16,France|Singapore|USA|UK,INTERNATIONAL_REMITTANCE|CARD|WIRE|ACH,0
CUST-0077,Retail,418,0.173,6640.77,France|Canada|Singapore|Mexico,CARD|CHECK|INTERNATIONAL_REMITTANCE,1
CUST-0078,SME,1051,0.321,104527.64,China|Brazil|Cyprus,INTERNATIONAL_REMITTANCE|WIRE,0
CUST-0079,SME,208,0.486,119716.85,Germany|Mexico|Switzerland,WIRE|CHECK|INTERNATIONAL_REMITTANCE|ACH,0
CUST-0080,HNI,807,0.269,91007.75,Singapore|Cyprus,INTERNATIONAL_REMITTANCE|ACH|WIRE,0
CUST-0081,SME,128,0.258,78168.14,France|Germany|Singapore|Switzerland,CHECK|CARD|INTERNATIONAL_REMITTANCE,1
CUST-0082,Retail,1961,0.214,2944.87,South Africa|India,CARD|CHECK|INTERNATIONAL_REMITTANCE|ACH,1
CUST-0083,Retail,1299,0.195,3769.89,Mexico|Hong Kong,INTERNATIONAL_REMITTANCE|CARD|CHECK,0
CUST-0084,HNI,3374,0.104,114056.29,Canada|South Africa|Hong Kong|Turkey,CARD|ACH|INTERNATIONAL_REMITTANCE,0
CUST-0085,Retail,2463,0.253,5777.57,France|Switzerland|Canada|South Africa,WIRE|CARD|ACH|INTERNATIONAL_REMITTANCE,0
CUST-0086,Retail,3467,0.148,8231.84,India|Germany|UK,CARD|INTERNATIONAL_REMITTANCE|WIRE|ACH,2
CUST-0087,Corporate,3554,0.448,274220.48,South Africa|Canada,ACH|CHECK,0
CUST-0088,Retail,533,0.054,7220.8,Germany|Singapore|India|Switzerland,CARD|CHECK|INTERNATIONAL_REMITTANCE|ACH,0
CUST-0089,Retail,567,0.333,5766.15,Singapore|Switzerland|Canada,CHECK|CARD|INTERNATIONAL_REMITTANCE|ACH,0
CUST-0090,SME,2836,0.372,43480.1,Singapore|South Africa,ACH|CHECK|INTERNATIONAL_REMITTANCE|CARD,2
CUST-0091,Retail,1235,0.226,5091.64,France|South Africa|UAE|Switzerland,CHECK|INTERNATIONAL_REMITTANCE,0
CUST-0092,Retail,867,0.335,4268.76,Germany|Switzerland|India,CARD|WIRE|ACH|INTERNATIONAL_REMITTANCE,2
CUST-0093,SME,930,0.191,100661.02,USA|China,ACH|INTERNATIONAL_REMITTANCE|CARD,0
CUST-0094,HNI,1225,0.197,71610.41,Switzerland|Mexico,INTERNATIONAL_REMITTANCE|WIRE,1
CUST-0095,Retail,1557,0.125,1604.93,Germany|Switzerland,ACH|WIRE,0
CUST-0096,Retail,350,0.102,3252.06,France|Turkey,INTERNATIONAL_REMITTANCE|WIRE|CARD,0
CUST-0097,HNI,339,0.149,140478.54,Singapore|Hong Kong|USA|Turkey,INTERNATIONAL_REMITTANCE|CARD|ACH|WIRE,3
CUST-0098,HNI,2647,0.149,120911.56,South Africa|Canada|China|India,ACH|WIRE|CHECK|INTERNATIONAL_REMITTANCE,0
CUST-0099,Retail,2756,0.348,3264.08,Hong Kong|Singapore|Cyprus|China,WIRE|INTERNATIONAL_REMITTANCE|CARD,1
CUST-0100,Retail,479,0.179,7856.68,Brazil|India,CHECK|INTERNATIONAL_REMITTANCE|CARD,0
CUST-0101,Retail,3139,0.336,2666.56,China|Canada|South Africa|Brazil,CHECK|WIRE,0
CUST-0102,HNI,2549,0.364,150183.42,Switzerland|China|Canada|UAE,CHECK|WIRE|ACH,0
CUST-0103,Retail,3213,0.096,4813.01,Singapore|Brazil|Canada,INTERNATIONAL_REMITTANCE|CARD|WIRE,0
CUST-0104,Retail,2968,0.218,4147.46,USA|Hong Kong|Switzerland|Turkey,WIRE|ACH|CHECK,0
CUST-0105,SME,3146,0.232,48612.58,Mexico|Canada,WIRE|INTERNATIONAL_REMITTANCE,0
CUST-0106,Retail,3180,0.097,4355.99,Switzerland|Mexico|Hong Kong,WIRE|INTERNATIONAL_REMITTANCE|CHECK|CARD,0
CUST-0107,Retail,1503,0.249,2812.87,South Africa|UAE|France,INTERNATIONAL_REMITTANCE|WIRE,0
CUST-0108,Retail,955,0.196,6267.13,Hong Kong|USA|Germany|UAE,WIRE|INTERNATIONAL_REMITTANCE|CHECK|ACH,0
CUST-0109,HNI,2378,0.154,90125.6,Brazil|UK|South Africa,INTERNATIONAL_REMITTANCE|ACH|CARD,1
CUST-0110,HNI,1848,0.488,41216.99,Brazil|USA,WIRE|CARD|CHECK,0
CUST-0111,HNI,3549,0.152,118981.14,Switzerland|UK,CHECK|CARD|WIRE|ACH,0
CUST-0112,Retail,2263,0.074,3903.82,Switzerland|Germany|India,WIRE|INTERNATIONAL_REMITTANCE,0
CUST-0113,SME,716,0.477,48431.28,France|Germany|Canada|UK,ACH|INTERNATIONAL_REMITTANCE|CARD,0
CUST-0114,Retail,708,0.282,2005.74,South Africa|Mexico|Hong Kong,CHECK|CARD|INTERNATIONAL_REMITTANCE|ACH,0
CUST-0115,Retail,323,0.289,5866.77,Canada|India|Cyprus|China,CHECK|INTERNATIONAL_REMITTANCE|WIRE,0
CUST-0116,Retail,1406,0.343,5979.66,Mexico|Singapore,INTERNATIONAL_REMITTANCE|WIRE|ACH|CHECK,0
CUST-0117,Retail,2988,0.185,8640.64,UK|Cyprus|Switzerland,WIRE|ACH,0
CUST-0118,Retail,2741,0.098,4943.36,Hong Kong|UAE|South Africa,INTERNATIONAL_REMITTANCE|WIRE|CARD,0
CUST-0119,Retail,618,0.166,5242.69,France|India|Canada,ACH|CARD|INTERNATIONAL_REMITTANCE|CHECK,0
CUST-0120,SME,2172,0.32,44054.01,France|Switzerland|Turkey,INTERNATIONAL_REMITTANCE|WIRE|CARD|ACH,0
CUST-0121,Retail,3548,0.114,2032.23,UAE|Germany|UK,WIRE|CARD,0
CUST-0122,Retail,830,0.272,5088.05,Canada|Switzerland|India|Mexico,ACH|CHECK|WIRE|CARD,1
CUST-0123,HNI,3171,0.174,207034.84,Canada|UAE|India,ACH|CHECK|CARD|INTERNATIONAL_REMITTANCE,0
CUST-0124,Retail,2149,0.143,5039.09,UAE|India|Switzerland,CHECK|INTERNATIONAL_REMITTANCE|ACH|CARD,0
CUST-0125,Corporate,3003,0.421,626401.59,Cyprus|USA,CHECK|CARD|INTERNATIONAL_REMITTANCE|WIRE,1
CUST-0126,SME,999,0.493,41356.93,South Africa|China|Cyprus,CHECK|WIRE,0
CUST-0127,SME,205,0.337,112351.91,Turkey|Germany|UAE,CARD|ACH,0
CUST-0128,Retail,2011,0.151,6574.99,France|USA,CHECK|ACH|CARD,0
CUST-0129,Retail,285,0.127,1173.42,Brazil|Canada,ACH|CARD|WIRE,0
CUST-0130,Retail,96,0.069,5793.89,USA|Switzerland|Cyprus,ACH|INTERNATIONAL_REMITTANCE|CHECK|CARD,0
CUST-0131,Retail,268,0.249,4040.82,Turkey|Canada,INTERNATIONAL_REMITTANCE|WIRE|ACH|CARD,0
CUST-0132,Corporate,1533,0.106,246213.93,Turkey|Germany,WIRE|CARD|INTERNATIONAL_REMITTANCE|CHECK,0
CUST-0133,HNI,241,0.451,64395.05,China|Switzerland|UK,WIRE|CHECK,0
CUST-0134,Retail,872,0.063,2195.49,Mexico|Brazil|Cyprus,CARD|WIRE|INTERNATIONAL_REMITTANCE,0
CUST-0135,SME,1478,0.445,15258.44,Germany|Mexico|India,CHECK|INTERNATIONAL_REMITTANCE|ACH,2
CUST-0136,Retail,3458,0.327,4728.95,Cyprus|Mexico|Canada|Turkey,WIRE|CHECK|CARD,0
CUST-0137,Retail,1529,0.148,1372.08,Hong Kong|Singapore|China,CHECK|ACH|CARD|INTERNATIONAL_REMITTANCE,0
CUST-0138,HNI,1578,0.377,230111.63,Cyprus|Switzerland|Mexico,WIRE|CHECK,0
CUST-0139,HNI,1658,0.114,60997.01,South Africa|USA|UK|Canada,CARD|INTERNATIONAL_REMITTANCE,2
CUST-0140,Retail,2258,0.185,1804.22,Turkey|Singapore|Mexico,INTERNATIONAL_REMITTANCE|ACH,0
CUST-0141,Retail,2973,0.338,2868.86,India|Singapore,CHECK|WIRE|ACH|CARD,0
CUST-0142,Corporate,3011,0.467,267764.39,UAE|Canada|UK,CHECK|ACH,0
CUST-0143,Retail,3005,0.304,6296.4,Turkey|China|Canada,INTERNATIONAL_REMITTANCE|CARD|ACH|WIRE,0
CUST-0144,HNI,197,0.263,64170.48,Germany|China,ACH|CHECK,0
CUST-0145,Retail,1772,0.345,4472.95,UK|Canada,CHECK|INTERNATIONAL_REMITTANCE|CARD,0
CUST-0146,HNI,3234,0.538,41593.91,UK|Singapore|South Africa|Switzerland,CARD|ACH|INTERNATIONAL_REMITTANCE|WIRE,2
CUST-0147,Retail,2995,0.067,8241.05,France|China,ACH|CARD,0
CUST-0148,SME,2606,0.278,67078.76,Cyprus|Germany,INTERNATIONAL_REMITTANCE|CARD|WIRE|ACH,0
CUST-0149,Retail,3470,0.332,1933.41,India|Switzerland,INTERNATIONAL_REMITTANCE|CARD|CHECK|WIRE,1
CUST-0150,Retail,2658,0.281,8562.65,UAE|Mexico|Hong Kong,INTERNATIONAL_REMITTANCE|WIRE|ACH,0
CUST-0151,Retail,2073,0.123,3067.8,Mexico|France|Singapore|Canada,WIRE|ACH|CHECK|CARD,0
CUST-0152,Retail,1080,0.308,1721.18,Turkey|UAE|UK,INTERNATIONAL_REMITTANCE|WIRE|ACH,0
CUST-0153,Retail,2456,0.079,2607.31,Mexico|Brazil|Hong Kong,ACH|INTERNATIONAL_REMITTANCE|CHECK,0
CUST-0154,Retail,2160,0.349,1854.41,China|South Africa|France,WIRE|INTERNATIONAL_REMITTANCE|ACH,0
CUST-0155,Retail,3560,0.065,5458.42,China|Hong Kong|Brazil,CHECK|CARD|INTERNATIONAL_REMITTANCE|WIRE,0
CUST-0156,Retail,1574,0.16,2748.02,Turkey|USA|UAE,INTERNATIONAL_REMITTANCE|ACH,0
CUST-0157,Retail,1587,0.279,4786.17,Germany|UK|Canada,CARD|INTERNATIONAL_REMITTANCE|CHECK,0
CUST-0158,Retail,700,0.2,4827.54,Canada|UK,CARD|CHECK|INTERNATIONAL_REMITTANCE|ACH,0
CUST-0159,Retail,2992,0.234,3287.71,Mexico|Hong Kong,CARD|INTERNATIONAL_REMITTANCE|CHECK|ACH,0
CUST-0160,Retail,2775,0.149,641.41,Brazil|Hong Kong,WIRE|CHECK|ACH,0
CUST-0161,HNI,219,0.425,154967.74,China|UK|Cyprus|Switzerland,INTERNATIONAL_REMITTANCE|CHECK|WIRE|CARD,0
CUST-0162,HNI,3564,0.298,67926.47,France|UAE|Turkey,CHECK|INTERNATIONAL_REMITTANCE,0
CUST-0163,Retail,1492,0.112,1673.7,China|Cyprus|UAE,ACH|CHECK|CARD,0
CUST-0164,Retail,1011,0.254,7875.06,Cyprus|Hong Kong|Singapore|Germany,CARD|INTERNATIONAL_REMITTANCE,2
CUST-0165,Corporate,1706,0.382,595542.63,China|India|Singapore|South Africa,CARD|INTERNATIONAL_REMITTANCE|WIRE|ACH,0
CUST-0166,Corporate,3481,0.216,618115.69,UK|India|Singapore,CARD|CHECK|WIRE|INTERNATIONAL_REMITTANCE,0
CUST-0167,SME,1782,0.212,86578.84,Singapore|Germany|USA|Switzerland,ACH|INTERNATIONAL_REMITTANCE|WIRE|CARD,0
CUST-0168,Retail,1259,0.091,6290.13,India|UAE|Switzerland|Singapore,ACH|CARD|INTERNATIONAL_REMITTANCE,0
CUST-0169,SME,3317,0.408,19840.68,Canada|South Africa|UK|UAE,WIRE|CHECK,0
CUST-0170,SME,1951,0.567,115834.45,USA|France,INTERNATIONAL_REMITTANCE|WIRE|ACH|CARD,3
CUST-0171,Retail,3084,0.332,4698.26,South Africa|France|Germany|Mexico,CARD|ACH,0
CUST-0172,Retail,445,0.271,2082.69,UAE|UK|Hong Kong,CHECK|INTERNATIONAL_REMITTANCE|CARD|ACH,0
CUST-0173,Retail,1440,0.193,8844.32,USA|France,ACH|CHECK|INTERNATIONAL_REMITTANCE,0
CUST-0174,HNI,2900,0.394,27573.04,Singapore|USA|Switzerland|Canada,CARD|ACH|CHECK,0
CUST-0175,SME,717,0.29,87391.27,Hong Kong|India,ACH|INTERNATIONAL_REMITTANCE|WIRE|CHECK,0
CUST-0176,Corporate,2253,0.381,327196.77,UAE|Mexico|Germany,INTERNATIONAL_REMITTANCE|WIRE|CARD|ACH,0
CUST-0177,Retail,566,0.069,5295.43,UAE|Hong Kong|Cyprus|UK,CARD|CHECK,0
CUST-0178,HNI,2378,0.505,134986.29,Canada|Singapore|UK,CHECK|INTERNATIONAL_REMITTANCE|CARD|WIRE,0
CUST-0179,HNI,1501,0.278,187738.02,UAE|Hong Kong,WIRE|CHECK,0
CUST-0180,Retail,1623,0.318,1012.17,Canada|France|UAE,ACH|CHECK,3
CUST-0181,Retail,2290,0.322,7891.77,UK|Switzerland|South Africa,ACH|CARD|WIRE|CHECK,0
CUST-0182,Retail,3462,0.3,8819.16,Hong Kong|Singapore,INTERNATIONAL_REMITTANCE|CHECK|CARD|ACH,0
CUST-0183,Retail,934,0.107,1818.53,Germany|USA|Mexico|Switzerland,INTERNATIONAL_REMITTANCE|WIRE|CHECK,0
CUST-0184,Retail,1049,0.252,4294.75,Singapore|Turkey,CHECK|INTERNATIONAL_REMITTANCE,0
CUST-0185,HNI,676,0.163,199614.31,Singapore|Brazil|Turkey,CARD|INTERNATIONAL_REMITTANCE|WIRE|ACH,3
CUST-0186,Retail,3308,0.133,4015.26,India|Switzerland|South Africa|UAE,CHECK|WIRE|ACH|CARD,0
CUST-0187,Retail,3390,0.14,3970.2,China|Germany,CARD|ACH,0
CUST-0188,Retail,1932,0.175,4007.76,France|UAE|Germany|China,CARD|WIRE,1
CUST-0189,Retail,2053,0.107,6658.97,Mexico|Switzerland|Hong Kong,WIRE|INTERNATIONAL_REMITTANCE|CHECK|CARD,0
CUST-0190,SME,2939,0.559,43350.68,UAE|Turkey,CHECK|ACH,0
CUST-0191,Retail,2190,0.216,8278.57,Mexico|Singapore|Cyprus,CARD|INTERNATIONAL_REMITTANCE|ACH|CHECK,1
CUST-0192,Retail,687,0.267,7323.94,UAE|India|South Africa,WIRE|ACH|CARD,0
CUST-0193,Retail,2135,0.266,5464.27,France|Germany|India,CHECK|ACH,0
CUST-0194,SME,843,0.494,47132.07,China|Singapore|UK,CARD|ACH|WIRE|CHECK,1
CUST-0195,Retail,3541,0.068,5955.38,UK|Brazil,WIRE|INTERNATIONAL_REMITTANCE|ACH|CHECK,0
CUST-0196,Retail,154,0.116,1783.75,Turkey|USA|Hong Kong,INTERNATIONAL_REMITTANCE|CHECK|CARD|ACH,0
CUST-0197,Retail,2237,0.209,600.73,Hong Kong|USA|Cyprus,CHECK|ACH|WIRE|CARD,0
CUST-0198,Retail,1015,0.295,4974.88,Mexico|Canada|India,CHECK|ACH|CARD,0
CUST-0199,HNI,2698,0.546,43138.81,Canada|China|UAE|Brazil,INTERNATIONAL_REMITTANCE|CHECK|WIRE,0
CUST-0200,Retail,3645,0.18,4748.8,Germany|South Africa|Cyprus,ACH|INTERNATIONAL_REMITTANCE,0
CUST-0201,Retail,938,0.327,2804.31,Cyprus|South Africa|China|Hong Kong,WIRE|ACH|CHECK|INTERNATIONAL_REMITTANCE,0
CUST-0202,HNI,1662,0.279,185360.06,Hong Kong|UK,ACH|CHECK|CARD|INTERNATIONAL_REMITTANCE,0
CUST-0203,Retail,2568,0.267,8902.06,Turkey|USA|Canada|UAE,WIRE|CARD,0
CUST-0204,Corporate,2355,0.409,342774.56,Cyprus|Mexico,CHECK|ACH|INTERNATIONAL_REMITTANCE,2
CUST-0205,Retail,1187,0.248,6277.41,Hong Kong|Mexico,WIRE|INTERNATIONAL_REMITTANCE,0
CUST-0206,HNI,1564,0.433,167627.7,Turkey|Canada|South Africa,CARD|CHECK,0
CUST-0207,Retail,2539,0.179,1242.03,Brazil|Canada|USA|South Africa,INTERNATIONAL_REMITTANCE|WIRE|CARD,0
CUST-0208,SME,1191,0.336,11357.47,Singapore|Hong Kong,ACH|CHECK|WIRE|CARD,0
CUST-0209,Retail,1100,0.18,1037.77,Hong Kong|Singapore|Mexico,CARD|INTERNATIONAL_REMITTANCE,0
CUST-0210,Retail,1893,0.187,5741.68,Hong Kong|USA,CARD|CHECK|ACH,0
CUST-0211,HNI,1721,0.538,218389.41,Hong Kong|India,ACH|CHECK|INTERNATIONAL_REMITTANCE|WIRE,2
CUST-0212,Retail,908,0.197,6407.14,Singapore|India|UAE|France,CARD|WIRE|INTERNATIONAL_REMITTANCE,0
CUST-0213,Retail,2135,0.215,6294.56,South Africa|Turkey|Germany|Singapore,WIRE|CHECK|CARD,0
CUST-0214,Retail,2316,0.096,2647.79,Mexico|Canada|Singapore,CHECK|INTERNATIONAL_REMITTANCE|CARD|ACH,0
CUST-0215,Corporate,2396,0.425,548603.14,UK|Canada|Mexico|Germany,CARD|ACH|INTERNATIONAL_REMITTANCE|WIRE,2
CUST-0216,Retail,1622,0.276,3896.75,Germany|USA|Canada,ACH|INTERNATIONAL_REMITTANCE|CHECK,0
CUST-0217,HNI,3495,0.325,157432.74,USA|Singapore|Canada,CHECK|WIRE|INTERNATIONAL_REMITTANCE,2
CUST-0218,Retail,2943,0.187,3151.07,China|India,WIRE|CHECK|CARD,0
CUST-0219,Retail,2203,0.263,879.81,Switzerland|China,ACH|INTERNATIONAL_REMITTANCE,0
CUST-0220,Retail,1710,0.338,5258.72,Mexico|Switzerland,ACH|CHECK,0
CUST-0221,Retail,2454,0.228,2177.26,USA|Turkey|Germany,CARD|WIRE,0
CUST-0222,SME,1681,0.297,30565.58,Germany|France|Switzerland,INTERNATIONAL_REMITTANCE|CARD|CHECK,0
CUST-0223,Retail,638,0.304,3457.36,India|Brazil|Switzerland|Turkey,INTERNATIONAL_REMITTANCE|WIRE|CARD,0
CUST-0224,Retail,2083,0.162,1494.07,Mexico|UAE,ACH|CHECK|INTERNATIONAL_REMITTANCE|WIRE,0
CUST-0225,Retail,2627,0.35,5984.71,India|Singapore|France|UK,CARD|CHECK,0
CUST-0226,Retail,775,0.091,581.46,China|UAE|Switzerland,CHECK|INTERNATIONAL_REMITTANCE|ACH,0
CUST-0227,Retail,2341,0.138,6968.98,Singapore|Cyprus|France,CHECK|INTERNATIONAL_REMITTANCE,0
CUST-0228,Retail,509,0.213,2777.06,Canada|Mexico|Turkey,INTERNATIONAL_REMITTANCE|ACH|CHECK,0
CUST-0229,Retail,3266,0.312,2604.02,South Africa|France,WIRE|CHECK|INTERNATIONAL_REMITTANCE,0
CUST-0230,Retail,2425,0.257,6769.71,Brazil|UK|Hong Kong|South Africa,ACH|WIRE,0
CUST-0231,Retail,1225,0.147,5079.53,Hong Kong|France|China|South Africa,WIRE|ACH|CHECK|INTERNATIONAL_REMITTANCE,1
CUST-0232,Retail,2661,0.125,7861.67,Switzerland|Brazil|Germany|Mexico,CHECK|INTERNATIONAL_REMITTANCE|WIRE|ACH,0
CUST-0233,Retail,1430,0.314,5885.84,Mexico|Cyprus,CARD|INTERNATIONAL_REMITTANCE|ACH|CHECK,0
CUST-0234,SME,2116,0.192,103188.41,Turkey|Brazil|Canada,CHECK|ACH|INTERNATIONAL_REMITTANCE|WIRE,0
CUST-0235,HNI,2654,0.36,100994.91,China|Mexico|India|Switzerland,WIRE|INTERNATIONAL_REMITTANCE,0
CUST-0236,Retail,741,0.307,1556.02,South Africa|USA|UAE,ACH|CARD,1
CUST-0237,SME,3063,0.312,20267.4,Turkey|Switzerland,ACH|WIRE|INTERNATIONAL_REMITTANCE|CARD,0
CUST-0238,Retail,2217,0.261,6071.62,UAE|Singapore,ACH|INTERNATIONAL_REMITTANCE,0
CUST-0239,Retail,3083,0.295,6412.58,France|Singapore|Canada,CHECK|WIRE,0
CUST-0240,Retail,2589,0.14,3624.27,France|Switzerland|South Africa,WIRE|INTERNATIONAL_REMITTANCE,0
CUST-0241,Retail,663,0.238,6640.67,Brazil|Hong Kong,CHECK|ACH|WIRE|CARD,0
CUST-0242,Retail,3280,0.339,3764.27,France|Germany|China,WIRE|ACH|CARD|CHECK,2
CUST-0243,Retail,2117,0.313,7700.1,UAE|Turkey,CARD|WIRE|CHECK,0
CUST-0244,Retail,1813,0.071,5923.7,Turkey|South Africa,ACH|CHECK|CARD,0
CUST-0245,Retail,973,0.336,6983.17,USA|Hong Kong,WIRE|CARD,0
CUST-0246,Retail,1226,0.202,7208.96,Brazil|UAE|Turkey|South Africa,INTERNATIONAL_REMITTANCE|ACH,0
CUST-0247,Retail,3079,0.342,8327.86,Switzerland|UAE,WIRE|CARD|CHECK|ACH,2
CUST-0248,Retail,579,0.327,2578.08,South Africa|Hong Kong,WIRE|CARD|CHECK|INTERNATIONAL_REMITTANCE,0
CUST-0249,Retail,3249,0.199,596.48,Cyprus|UK|India,CARD|WIRE,1
CUST-0250,Retail,1596,0.207,4149.26,UK|Singapore|South Africa,CARD|WIRE|ACH|CHECK,0
CUST-0251,HNI,278,0.403,226210.39,Singapore|Turkey,WIRE|INTERNATIONAL_REMITTANCE|CHECK|CARD,0
CUST-0252,Retail,1400,0.329,1775.72,Brazil|Germany,ACH|CHECK|CARD,0
CUST-0253,Retail,3637,0.201,3668.87,India|Germany,WIRE|CHECK|INTERNATIONAL_REMITTANCE|ACH,0
CUST-0254,HNI,2640,0.349,98642.71,Turkey|Germany,INTERNATIONAL_REMITTANCE|CARD|CHECK,0
CUST-0255,Retail,1044,0.349,8760.79,Singapore|UK,CHECK|WIRE,0
CUST-0256,Retail,2260,0.053,6394.42,USA|Mexico|Switzerland,CARD|WIRE|CHECK,2
CUST-0257,Retail,2960,0.342,8670.07,Cyprus|Canada,ACH|CHECK,1
CUST-0258,Retail,1871,0.224,6857.14,France|Switzerland|Brazil|UAE,INTERNATIONAL_REMITTANCE|WIRE,0
CUST-0259,Retail,647,0.305,2979.25,Switzerland|India|Singapore,ACH|WIRE|CHECK,0
CUST-0260,Retail,1987,0.099,1820.99,Switzerland|UAE|Canada,CARD|ACH|CHECK|INTERNATIONAL_REMITTANCE,0
CUST-0261,Retail,1547,0.256,1839.73,Canada|Germany|Brazil|India,WIRE|ACH,0
CUST-0262,Retail,1982,0.296,3040.15,USA|UAE,INTERNATIONAL_REMITTANCE|ACH|WIRE,0
CUST-0263,HNI,2490,0.128,52326.98,France|Germany,CARD|WIRE|INTERNATIONAL_REMITTANCE,0
CUST-0264,HNI,297,0.129,29905.04,South Africa|Mexico|UK|Canada,WIRE|INTERNATIONAL_REMITTANCE|ACH,0
CUST-0265,Retail,856,0.168,7484.33,Mexico|Switzerland,ACH|CARD|WIRE,0
CUST-0266,Retail,449,0.234,1763.37,Singapore|Switzerland|France|China,INTERNATIONAL_REMITTANCE|CHECK|WIRE,0
CUST-0267,Retail,2054,0.315,2195.39,Singapore|Switzerland|Mexico|Cyprus,CHECK|CARD,0
CUST-0268,Retail,3410,0.201,8257.75,Cyprus|UK|USA,INTERNATIONAL_REMITTANCE|ACH|WIRE,0
CUST-0269,Retail,3219,0.209,8928.02,Singapore|UK|Canada|Germany,ACH|CARD|CHECK|WIRE,3
CUST-0270,Retail,2971,0.289,7695.29,India|UK|Germany,CARD|INTERNATIONAL_REMITTANCE|CHECK|WIRE,0
CUST-0271,SME,459,0.403,71996.71,China|Cyprus,ACH|CHECK|WIRE,0
CUST-0272,Retail,179,0.193,669.39,UAE|Mexico|UK,ACH|CARD|WIRE,0
CUST-0273,HNI,1411,0.15,56871.85,Turkey|Canada|India|China,CHECK|WIRE|ACH|CARD,0
CUST-0274,Retail,1639,0.288,8563.9,Switzerland|UK|Turkey,INTERNATIONAL_REMITTANCE|CARD|WIRE|CHECK,0
CUST-0275,Retail,3402,0.269,1582.46,Mexico|Brazil|China|Hong Kong,ACH|CARD,2
CUST-0276,Retail,1398,0.331,5307.18,Switzerland|Turkey,ACH|CARD,0
CUST-0277,SME,1525,0.469,19759.86,Switzerland|Singapore|USA|France,ACH|WIRE,0
CUST-0278,Retail,3484,0.166,510.89,Brazil|UK|UAE|Singapore,CARD|CHECK|WIRE,0
CUST-0279,SME,1395,0.459,81606.65,South Africa|Canada,CARD|WIRE,0
CUST-0280,Retail,2975,0.316,3405.37,UK|Cyprus,CARD|CHECK,0
CUST-0281,SME,2945,0.55,28149.69,Canada|China,ACH|INTERNATIONAL_REMITTANCE|CHECK,0
CUST-0282,SME,313,0.447,69413.8,Singapore|Canada|USA,INTERNATIONAL_REMITTANCE|CHECK|WIRE,0
CUST-0283,Retail,425,0.249,3003.67,China|Germany|Canada|USA,ACH|CARD,0
CUST-0284,Retail,1603,0.191,7171.45,Cyprus|Canada|Switzerland|China,ACH|CARD|INTERNATIONAL_REMITTANCE,0
CUST-0285,Retail,3400,0.129,4237.79,Canada|UK|Mexico,WIRE|INTERNATIONAL_REMITTANCE|CARD|ACH,0
CUST-0286,Corporate,1314,0.321,473065.35,Brazil|Cyprus|Switzerland,INTERNATIONAL_REMITTANCE|ACH|CHECK,0
CUST-0287,SME,3401,0.376,88573.63,France|Canada|Mexico|Singapore,ACH|INTERNATIONAL_REMITTANCE,0
CUST-0288,Retail,446,0.255,1166.13,France|Brazil,CARD|INTERNATIONAL_REMITTANCE|CHECK|WIRE,0
CUST-0289,Retail,702,0.133,3272.08,USA|Mexico|Turkey,INTERNATIONAL_REMITTANCE|CHECK|WIRE|ACH,0
CUST-0290,Retail,1171,0.332,6946.21,Germany|Mexico,INTERNATIONAL_REMITTANCE|CARD|ACH,0
CUST-0291,Retail,2918,0.061,5676.18,Mexico|UK|Hong Kong,CHECK|WIRE|ACH|CARD,0
CUST-0292,HNI,3605,0.504,232187.87,Switzerland|Brazil,CARD|INTERNATIONAL_REMITTANCE|ACH,0
CUST-0293,Retail,1899,0.09,7885.65,South Africa|Mexico|Brazil|India,CHECK|WIRE|INTERNATIONAL_REMITTANCE,0
CUST-0294,HNI,2996,0.442,191712.58,Canada|Cyprus|Mexico,WIRE|CARD,0
CUST-0295,Retail,225,0.314,7736.01,India|Germany,WIRE|ACH,0
CUST-0296,SME,2523,0.273,87509.73,Mexico|Switzerland|Canada,WIRE|ACH|CHECK|CARD,0
CUST-0297,Corporate,293,0.321,395343.05,India|Brazil|France,WIRE|CARD|INTERNATIONAL_REMITTANCE|ACH,0
CUST-0298,Retail,2031,0.307,8701.8,Singapore|Switzerland|Germany|France,CHECK|WIRE|CARD|INTERNATIONAL_REMITTANCE,1
CUST-0299,Retail,1970,0.053,5609.71,Hong Kong|Turkey|South Africa,CARD|CHECK|ACH|INTERNATIONAL_REMITTANCE,0
CUST-0300,Retail,2063,0.297,6256.17,Germany|USA|Cyprus,CARD|INTERNATIONAL_REMITTANCE|ACH|WIRE,0
CUST-0301,Corporate,2795,0.445,507401.45,Hong Kong|Germany|UK,ACH|WIRE|CARD|INTERNATIONAL_REMITTANCE,0
CUST-0302,Retail,2990,0.199,716.37,Cyprus|South Africa|UAE,CHECK|WIRE|CARD,3
CUST-0303,HNI,1293,0.421,102212.59,China|South Africa|Switzerland|India,CARD|ACH|INTERNATIONAL_REMITTANCE|WIRE,0
CUST-0304,Retail,1004,0.293,2698.54,Switzerland|China,ACH|CARD,0
CUST-0305,Retail,3638,0.149,7198.77,Hong Kong|Singapore|Brazil,CHECK|WIRE,0
CUST-0306,Retail,3588,0.192,5775.56,Germany|Brazil,CHECK|CARD|ACH|WIRE,0
CUST-0307,Corporate,2674,0.495,306302.17,France|India|Brazil,ACH|WIRE|INTERNATIONAL_REMITTANCE|CARD,3
CUST-0308,Retail,620,0.186,993.12,India|Hong Kong,CHECK|WIRE,0
CUST-0309,Retail,1409,0.34,3928.84,USA|China|Cyprus,CARD|WIRE,0
CUST-0310,Retail,2151,0.051,652.29,Singapore|Germany|Turkey|India,ACH|WIRE|INTERNATIONAL_REMITTANCE,0
CUST-0311,Retail,1493,0.139,7502.67,South Africa|Turkey|Cyprus,INTERNATIONAL_REMITTANCE|CARD|ACH|WIRE,3
CUST-0312,Retail,2505,0.099,6875.98,USA|Germany|South Africa,ACH|INTERNATIONAL_REMITTANCE|CARD|WIRE,0
CUST-0313,Retail,2767,0.288,6544.44,Cyprus|Mexico|China,WIRE|INTERNATIONAL_REMITTANCE|CARD|CHECK,1
CUST-0314,Retail,1323,0.183,1484.21,Cyprus|Singapore,ACH|INTERNATIONAL_REMITTANCE|CARD|WIRE,0
CUST-0315,Retail,3304,0.237,4922.63,France|UAE|Brazil|Canada,INTERNATIONAL_REMITTANCE|WIRE|ACH|CHECK,0
CUST-0316,Retail,2123,0.129,2197.87,UAE|India|Turkey|China,ACH|WIRE|CARD,1
CUST-0317,Retail,700,0.12,4585.64,UK|South Africa,INTERNATIONAL_REMITTANCE|CHECK,2
CUST-0318,HNI,3420,0.426,41885.85,Singapore|China|France,CHECK|WIRE|INTERNATIONAL_REMITTANCE,0
CUST-0319,Retail,3579,0.29,2969.82,Brazil|Turkey|Canada,WIRE|INTERNATIONAL_REMITTANCE,0
CUST-0320,Retail,1731,0.318,3293.62,Cyprus|South Africa|Turkey|Canada,CARD|ACH|WIRE,0
CUST-0321,Retail,2941,0.257,7603.52,Brazil|Switzerland|Mexico,WIRE|ACH,0
CUST-0322,Corporate,2594,0.141,644936.15,China|Mexico|Hong Kong|Switzerland,ACH|CHECK|INTERNATIONAL_REMITTANCE,0
CUST-0323,Retail,278,0.342,7627.56,China|South Africa,WIRE|CHECK|ACH,0
CUST-0324,Retail,2063,0.31,605.06,Singapore|Switzerland|Brazil|India,INTERNATIONAL_REMITTANCE|WIRE|ACH|CHECK,0
CUST-0325,Retail,3167,0.302,3771.45,Canada|USA|Switzerland|UK,CHECK|INTERNATIONAL_REMITTANCE|WIRE|CARD,0
CUST-0326,Retail,1909,0.065,8746.23,Mexico|UAE,WIRE|CHECK,0
CUST-0327,Retail,236,0.184,7781.01,China|Turkey,WIRE|INTERNATIONAL_REMITTANCE|ACH|CARD,0
CUST-0328,Retail,1578,0.231,1272.61,Hong Kong|South Africa|Cyprus|Brazil,CHECK|CARD,1
CUST-0329,HNI,98,0.249,214971.42,China|Turkey|Switzerland|India,CHECK|WIRE|INTERNATIONAL_REMITTANCE|CARD,0
CUST-0330,HNI,3456,0.231,241997.58,Turkey|China|Canada|USA,CHECK|ACH,0
CUST-0331,HNI,3025,0.375,49066.34,Germany|South Africa,ACH|CHECK|WIRE,0
CUST-0332,HNI,2262,0.385,35462.58,Germany|Mexico|Singapore|Brazil,INTERNATIONAL_REMITTANCE|ACH|CHECK|WIRE,0
CUST-0333,Retail,2154,0.226,4178.89,India|Turkey|Hong Kong|UK,ACH|WIRE|INTERNATIONAL_REMITTANCE|CARD,1
CUST-0334,Retail,655,0.258,5676.45,Cyprus|UAE,CARD|CHECK|WIRE,0
CUST-0335,HNI,2902,0.235,193396.04,Switzerland|Turkey|South Africa|Cyprus,ACH|INTERNATIONAL_REMITTANCE|WIRE|CHECK,0
CUST-0336,Retail,2477,0.245,8841.35,Switzerland|Turkey,CARD|CHECK,0
CUST-0337,Retail,193,0.274,4048.56,Hong Kong|South Africa|Brazil|UAE,INTERNATIONAL_REMITTANCE|WIRE,0
CUST-0338,Retail,3302,0.13,981.14,Hong Kong|Switzerland,ACH|WIRE|CARD,0
CUST-0339,HNI,2928,0.466,32268.94,Singapore|Turkey,INTERNATIONAL_REMITTANCE|CHECK|WIRE|ACH,0
CUST-0340,SME,3489,0.581,52631.01,Switzerland|Cyprus|USA|Brazil,CARD|ACH|INTERNATIONAL_REMITTANCE|CHECK,0
CUST-0341,Retail,395,0.16,6531.14,UAE|Mexico|Turkey|Germany,CHECK|ACH|CARD,0
CUST-0342,Retail,113,0.163,4867.7,Cyprus|China|France,ACH|CARD,0
CUST-0343,HNI,388,0.169,59831.28,Canada|Mexico|Switzerland,CARD|CHECK|INTERNATIONAL_REMITTANCE|ACH,0
CUST-0344,Retail,996,0.105,2369.68,India|UAE,INTERNATIONAL_REMITTANCE|CHECK|WIRE|ACH,1
CUST-0345,Retail,1915,0.138,3314.07,China|Cyprus|Brazil|Mexico,WIRE|INTERNATIONAL_REMITTANCE|CARD|ACH,0
CUST-0346,Retail,2302,0.123,8308.16,Switzerland|UAE,CHECK|CARD,0
CUST-0347,Retail,483,0.281,4893.38,South Africa|Singapore|USA|France,ACH|CARD|CHECK|WIRE,0
CUST-0348,Corporate,2292,0.103,438133.01,UAE|Switzerland,ACH|CHECK|WIRE|CARD,1
CUST-0349,SME,390,0.346,91551.25,France|USA,CARD|WIRE|CHECK,0
CUST-0350,HNI,1385,0.359,150568.95,Cyprus|UAE,CHECK|INTERNATIONAL_REMITTANCE|ACH,0
CUST-0351,Retail,2149,0.242,5046.09,UK|Mexico|Turkey|Hong Kong,WIRE|CARD,0
CUST-0352,HNI,648,0.139,92803.91,Mexico|UAE|Brazil,WIRE|CHECK|INTERNATIONAL_REMITTANCE|CARD,0
CUST-0353,HNI,594,0.233,216130.17,France|China|Switzerland|Mexico,CARD|WIRE|INTERNATIONAL_REMITTANCE|CHECK,0
CUST-0354,Retail,749,0.214,3849.69,Hong Kong|Germany,CARD|ACH|CHECK|WIRE,0
CUST-0355,Retail,2841,0.084,2648.31,Canada|Brazil|Mexico|Cyprus,INTERNATIONAL_REMITTANCE|WIRE|ACH,0
CUST-0356,Retail,882,0.196,6667.51,Turkey|UK|Switzerland,ACH|WIRE|INTERNATIONAL_REMITTANCE|CHECK,0
CUST-0357,Retail,1372,0.142,5738.91,France|Hong Kong|South Africa|India,CHECK|ACH|WIRE,0
CUST-0358,Retail,1559,0.181,6788.44,France|Switzerland|Turkey,CHECK|INTERNATIONAL_REMITTANCE|ACH,0
CUST-0359,Retail,1168,0.244,1425.08,Cyprus|Brazil,INTERNATIONAL_REMITTANCE|ACH,0
CUST-0360,Retail,2349,0.318,6683.12,USA|Brazil|Hong Kong|South Africa,INTERNATIONAL_REMITTANCE|ACH|WIRE,0
CUST-0361,SME,638,0.444,69364.48,Turkey|UAE,INTERNATIONAL_REMITTANCE|CARD,0
CUST-0362,Retail,823,0.201,3872.67,Singapore|Brazil|Mexico|Hong Kong,ACH|INTERNATIONAL_REMITTANCE|CHECK|WIRE,0
CUST-0363,Retail,1603,0.094,7913.66,China|India|USA|Germany,ACH|WIRE|INTERNATIONAL_REMITTANCE,0
CUST-0364,Retail,512,0.287,4902.02,China|South Africa|Singapore,WIRE|CARD,0
CUST-0365,Retail,1120,0.3,7552.0,India|UAE|Switzerland,CARD|WIRE|INTERNATIONAL_REMITTANCE,0
CUST-0366,SME,1032,0.309,66800.9,China|Mexico|Singapore,WIRE|ACH|CHECK|INTERNATIONAL_REMITTANCE,0
CUST-0367,Retail,2855,0.106,2297.9,Germany|Switzerland|China,CARD|WIRE|ACH,0
CUST-0368,Retail,641,0.3,1870.59,Singapore|USA,INTERNATIONAL_REMITTANCE|ACH,0
CUST-0369,Retail,441,0.067,5364.29,India|Cyprus|UAE,INTERNATIONAL_REMITTANCE|WIRE|CARD|ACH,0
CUST-0370,Retail,2642,0.195,4507.01,Brazil|Hong Kong,INTERNATIONAL_REMITTANCE|ACH,0
CUST-0371,Retail,918,0.153,6655.59,UK|Germany|UAE,ACH|WIRE|CHECK,0
CUST-0372,SME,2790,0.522,85280.46,Germany|UK|Singapore|Hong Kong,WIRE|INTERNATIONAL_REMITTANCE|CHECK|ACH,0
CUST-0373,Retail,1029,0.319,7533.94,Brazil|Cyprus|UAE|India,INTERNATIONAL_REMITTANCE|CHECK,1
CUST-0374,Retail,2540,0.155,7033.71,Germany|UAE|UK|France,ACH|WIRE|INTERNATIONAL_REMITTANCE,1
CUST-0375,Retail,2907,0.263,2106.68,Germany|Cyprus,CHECK|ACH,0
CUST-0376,Retail,1218,0.178,1405.96,Cyprus|France|Brazil|China,INTERNATIONAL_REMITTANCE|CARD|CHECK,3
CUST-0377,Retail,3261,0.216,2231.4,China|UK|India|Cyprus,CHECK|CARD|ACH|INTERNATIONAL_REMITTANCE,0
CUST-0378,HNI,2172,0.397,217374.76,Singapore|China|Mexico|Turkey,WIRE|ACH,0
CUST-0379,Retail,2021,0.259,5179.9,Canada|UK|UAE|Switzerland,WIRE|ACH,1
CUST-0380,Retail,2537,0.117,1044.68,Canada|Turkey,CHECK|CARD|INTERNATIONAL_REMITTANCE,0
CUST-0381,HNI,3301,0.322,64436.0,UAE|Brazil,INTERNATIONAL_REMITTANCE|CARD|WIRE|CHECK,0
CUST-0382,Retail,3283,0.101,2469.2,Turkey|Germany,WIRE|ACH|INTERNATIONAL_REMITTANCE|CHECK,0
CUST-0383,Retail,3064,0.11,3946.33,UK|South Africa,INTERNATIONAL_REMITTANCE|CARD,1
CUST-0384,SME,806,0.583,48290.48,Singapore|Hong Kong|Germany,CHECK|WIRE|ACH,0
CUST-0385,Retail,1634,0.138,1115.28,Cyprus|South Africa,INTERNATIONAL_REMITTANCE|CARD|CHECK|ACH,0
CUST-0386,HNI,1146,0.533,195431.49,South Africa|China|Hong Kong,CHECK|WIRE,0
CUST-0387,Retail,3498,0.253,8950.68,Switzerland|UAE,INTERNATIONAL_REMITTANCE|WIRE|CARD,0
CUST-0388,Retail,2439,0.275,3890.91,UK|Cyprus|China,CARD|INTERNATIONAL_REMITTANCE|WIRE,0
CUST-0389,SME,1028,0.559,85141.8,UAE|Germany|Turkey,CARD|ACH,0
CUST-0390,Retail,3220,0.097,5758.07,Germany|South Africa,CHECK|WIRE,1
CUST-0391,Corporate,1237,0.248,647407.15,China|South Africa|Hong Kong,CHECK|ACH|CARD,0
CUST-0392,HNI,1962,0.337,53855.34,China|Cyprus|USA,CARD|CHECK|INTERNATIONAL_REMITTANCE|WIRE,2
CUST-0393,Retail,856,0.257,4410.6,UAE|China,WIRE|CARD|ACH|CHECK,0
CUST-0394,Retail,1585,0.234,4506.44,India|Singapore|UAE,CHECK|CARD,1
CUST-0395,Retail,893,0.089,2029.06,Singapore|Brazil|Canada|Turkey,ACH|CHECK|INTERNATIONAL_REMITTANCE,0
CUST-0396,Corporate,3306,0.422,175944.94,Brazil|Singapore,INTERNATIONAL_REMITTANCE|CARD,0
CUST-0397,Retail,3526,0.064,7797.27,India|USA,CARD|CHECK,0
CUST-0398,Retail,2452,0.158,3344.58,Cyprus|India|USA|UAE,CARD|ACH,0
CUST-0399,Retail,2603,0.284,1983.58,Switzerland|China|Cyprus,CHECK|WIRE|ACH,0
CUST-0400,Retail,1497,0.1,1731.21,Brazil|Switzerland|Hong Kong,CHECK|WIRE|INTERNATIONAL_REMITTANCE|CARD,0
CUST-0401,Retail,775,0.13,2976.53,Mexico|France|Singapore|China,INTERNATIONAL_REMITTANCE|CHECK|ACH,0
CUST-0402,Retail,2028,0.249,6686.07,UK|Germany|China|UAE,WIRE|INTERNATIONAL_REMITTANCE,0
CUST-0403,Retail,1357,0.279,3874.61,Germany|France,ACH|WIRE|CARD|INTERNATIONAL_REMITTANCE,0
CUST-0404,HNI,2304,0.157,124711.1,India|USA|South Africa|Switzerland,CARD|CHECK|ACH,1
CUST-0405,Retail,1512,0.335,1648.48,India|Hong Kong|South Africa|Singapore,INTERNATIONAL_REMITTANCE|CHECK|CARD|ACH,0
CUST-0406,Retail,1498,0.142,1261.21,Cyprus|UK|France,WIRE|ACH,0
CUST-0407,Retail,2335,0.198,6346.04,Hong Kong|USA|Mexico,CARD|ACH|WIRE,0
CUST-0408,Retail,1819,0.168,5264.71,Mexico|Brazil,ACH|CARD|WIRE,0
CUST-0409,Retail,837,0.234,7299.65,Cyprus|France|Switzerland|Turkey,CARD|CHECK|WIRE|INTERNATIONAL_REMITTANCE,0
CUST-0410,Retail,851,0.186,4370.42,China|Germany|India|USA,WIRE|INTERNATIONAL_REMITTANCE,2
CUST-0411,Retail,979,0.182,1562.83,Singapore|Canada,WIRE|CHECK,0
CUST-0412,Retail,3267,0.349,7295.43,Canada|India|China,WIRE|CARD,0
CUST-0413,Retail,3248,0.319,2043.63,Mexico|Brazil|USA,ACH|CHECK,2
CUST-0414,Retail,739,0.11,8953.55,Germany|Cyprus|Switzerland|China,CHECK|CARD|ACH,0
CUST-0415,Retail,3627,0.206,8468.08,China|Switzerland|France,CARD|WIRE,0
CUST-0416,Corporate,3322,0.274,234276.94,India|Mexico,INTERNATIONAL_REMITTANCE|WIRE|ACH,0
CUST-0417,Corporate,464,0.376,467226.99,France|India|Mexico|Canada,ACH|CHECK,0
CUST-0418,Retail,1043,0.278,8742.04,Canada|India,ACH|WIRE|CHECK|INTERNATIONAL_REMITTANCE,0
CUST-0419,Retail,251,0.154,5979.49,UAE|USA|Turkey,CARD|ACH|CHECK,0
CUST-0420,Retail,3643,0.259,3005.07,India|Cyprus,CARD|CHECK|ACH,1
CUST-0421,SME,92,0.181,70997.23,South Africa|France,INTERNATIONAL_REMITTANCE|CARD|ACH,0
CUST-0422,Retail,2236,0.315,6736.09,Turkey|Mexico|Hong Kong|Germany,WIRE|CHECK|INTERNATIONAL_REMITTANCE,0
CUST-0423,HNI,218,0.227,59679.59,Switzerland|Canada|South Africa,WIRE|INTERNATIONAL_REMITTANCE|CHECK|CARD,0
CUST-0424,Retail,994,0.221,1339.41,China|Cyprus|Hong Kong,INTERNATIONAL_REMITTANCE|CARD|WIRE|ACH,0
CUST-0425,Retail,3457,0.113,8406.79,UK|Singapore|Mexico,WIRE|CARD|CHECK|ACH,0
CUST-0426,HNI,487,0.22,210319.67,UK|Brazil,WIRE|ACH|CARD,0
CUST-0427,Retail,3228,0.108,3775.31,Singapore|Hong Kong|Switzerland|UK,INTERNATIONAL_REMITTANCE|CHECK|CARD|WIRE,0
CUST-0428,Retail,2157,0.25,4399.13,India|Mexico,INTERNATIONAL_REMITTANCE|CHECK,0
CUST-0429,Retail,1414,0.183,8986.69,Switzerland|Cyprus|India,CHECK|INTERNATIONAL_REMITTANCE|CARD,0
CUST-0430,Retail,2530,0.28,2318.39,Cyprus|India|Singapore|Brazil,WIRE|INTERNATIONAL_REMITTANCE|ACH,0
CUST-0431,Retail,2184,0.052,8067.76,UAE|Brazil,WIRE|CARD|CHECK,0
CUST-0432,SME,1139,0.167,27018.63,France|UK|China,INTERNATIONAL_REMITTANCE|ACH|WIRE,0
CUST-0433,Retail,2968,0.325,3898.29,UK|Turkey|India|Mexico,ACH|CHECK|CARD,0
CUST-0434,SME,3644,0.285,75475.43,Mexico|Canada|China|USA,CARD|CHECK|ACH,0
CUST-0435,HNI,2301,0.482,193227.7,Mexico|USA,INTERNATIONAL_REMITTANCE|WIRE|ACH,0
CUST-0436,Retail,1276,0.096,6431.03,Mexico|Singapore|China|Hong Kong,INTERNATIONAL_REMITTANCE|WIRE|CHECK|ACH,0
CUST-0437,Retail,3259,0.193,3357.43,Canada|Cyprus|UAE|France,CHECK|INTERNATIONAL_REMITTANCE,0
CUST-0438,HNI,1180,0.189,133207.56,UAE|Cyprus|Hong Kong,INTERNATIONAL_REMITTANCE|ACH|WIRE|CARD,0
CUST-0439,Retail,2522,0.077,8355.17,Brazil|UAE|India|China,CARD|INTERNATIONAL_REMITTANCE,0
CUST-0440,HNI,728,0.257,63082.43,France|Singapore|USA,ACH|CARD,0
CUST-0441,SME,1339,0.175,22360.89,France|Brazil|South Africa|China,CARD|WIRE,0
CUST-0442,Retail,2952,0.211,2276.58,Cyprus|China,INTERNATIONAL_REMITTANCE|ACH|CARD,0
CUST-0443,Retail,307,0.208,8201.34,India|USA|France,INTERNATIONAL_REMITTANCE|CARD,0
CUST-0444,SME,2172,0.447,17325.76,Turkey|Brazil|Canada|USA,CHECK|ACH|INTERNATIONAL_REMITTANCE,2
CUST-0445,Retail,1103,0.31,3181.38,UK|China|Germany|Cyprus,INTERNATIONAL_REMITTANCE|WIRE|CHECK,1
CUST-0446,Retail,2143,0.273,4664.43,Turkey|Switzerland,CARD|INTERNATIONAL_REMITTANCE|WIRE,0
CUST-0447,Retail,2780,0.166,2690.27,Cyprus|Germany,CARD|CHECK,0
CUST-0448,HNI,2569,0.405,142161.51,Singapore|UAE|Germany|Hong Kong,CHECK|CARD,0
CUST-0449,Retail,2777,0.092,2257.44,UAE|Brazil|UK|France,INTERNATIONAL_REMITTANCE|ACH|CHECK|WIRE,1
CUST-0450,SME,1332,0.401,44924.58,Germany|UK|India|South Africa,WIRE|CARD|ACH|CHECK,0
CUST-0451,SME,197,0.57,108354.31,France|Mexico|Germany,ACH|INTERNATIONAL_REMITTANCE,0
CUST-0452,Retail,639,0.22,2768.33,Singapore|Germany,WIRE|CARD|INTERNATIONAL_REMITTANCE|ACH,0
CUST-0453,Retail,222,0.162,6552.16,China|Singapore|UK,ACH|INTERNATIONAL_REMITTANCE,0
CUST-0454,Corporate,1889,0.48,699668.68,UAE|Mexico,WIRE|ACH,1
CUST-0455,Retail,3039,0.187,3261.61,Brazil|UAE,INTERNATIONAL_REMITTANCE|CHECK,0
CUST-0456,Retail,2293,0.228,6810.98,Canada|Cyprus|China|Singapore,WIRE|ACH|CARD,0
CUST-0457,HNI,771,0.332,150482.71,Canada|Germany|France|Singapore,CARD|INTERNATIONAL_REMITTANCE|ACH,0
CUST-0458,Retail,826,0.205,963.65,South Africa|Brazil,CHECK|WIRE|CARD|INTERNATIONAL_REMITTANCE,0
CUST-0459,SME,1952,0.211,86572.56,Switzerland|Singapore|USA,CHECK|ACH,0
CUST-0460,Retail,439,0.263,6012.9,Germany|Canada,CHECK|CARD,0
CUST-0461,Retail,2406,0.203,7224.07,Mexico|Cyprus,WIRE|ACH|CHECK,1
CUST-0462,SME,571,0.215,27833.65,Canada|UAE|France|Brazil,CHECK|CARD|INTERNATIONAL_REMITTANCE|WIRE,1
CUST-0463,Corporate,2111,0.406,77384.71,South Africa|Singapore,INTERNATIONAL_REMITTANCE|WIRE|CARD,0
CUST-0464,Retail,697,0.173,4543.55,USA|Germany,CARD|ACH|WIRE|INTERNATIONAL_REMITTANCE,0
CUST-0465,Retail,750,0.06,1735.68,Hong Kong|India|Canada|USA,CHECK|ACH,0
CUST-0466,Retail,1412,0.228,6377.87,India|Singapore|Turkey|Hong Kong,WIRE|INTERNATIONAL_REMITTANCE|ACH,0
CUST-0467,Retail,2248,0.178,1075.17,UK|France|Singapore|China,CARD|INTERNATIONAL_REMITTANCE,0
CUST-0468,Retail,1153,0.067,2276.93,UK|Singapore|Turkey|Brazil,CARD|CHECK|INTERNATIONAL_REMITTANCE|ACH,0
CUST-0469,Corporate,1043,0.152,313851.01,China|Cyprus|Turkey|Switzerland,CHECK|ACH|CARD,0
CUST-0470,Corporate,1522,0.11,76067.12,Germany|Turkey|Brazil|China,CHECK|INTERNATIONAL_REMITTANCE|WIRE|ACH,0
CUST-0471,Retail,556,0.11,596.03,Cyprus|Mexico|Canada,CARD|INTERNATIONAL_REMITTANCE|WIRE,0
CUST-0472,Retail,3355,0.235,6657.37,India|Germany,CARD|CHECK|ACH,0
CUST-0473,Retail,2364,0.188,1820.78,Switzerland|Singapore|Mexico|UAE,WIRE|CARD|CHECK|ACH,0
CUST-0474,Retail,2656,0.29,6326.69,UK|China|France,CARD|CHECK,0
CUST-0475,Retail,445,0.106,5648.36,Hong Kong|Turkey,WIRE|CARD|ACH,0
CUST-0476,Retail,3275,0.335,4341.2,Hong Kong|UK,CARD|WIRE,0
CUST-0477,Retail,3241,0.29,4800.95,France|Germany|India|Singapore,INTERNATIONAL_REMITTANCE|CARD|ACH|WIRE,1
CUST-0478,HNI,3013,0.405,236055.37,UAE|Turkey,CHECK|INTERNATIONAL_REMITTANCE,1
CUST-0479,Retail,182,0.063,3143.34,UK|India|Singapore|USA,INTERNATIONAL_REMITTANCE|CARD,0
CUST-0480,Retail,1206,0.146,8083.15,Hong Kong|France,CARD|CHECK|INTERNATIONAL_REMITTANCE|WIRE,0
CUST-0481,Retail,2441,0.237,629.68,Germany|China|Cyprus|India,CARD|INTERNATIONAL_REMITTANCE|WIRE|ACH,0
CUST-0482,Retail,310,0.152,5712.73,Canada|UK|USA,WIRE|INTERNATIONAL_REMITTANCE|ACH,0
CUST-0483,Retail,2415,0.317,6489.76,South Africa|Hong Kong|India|France,ACH|WIRE|INTERNATIONAL_REMITTANCE,0
CUST-0484,HNI,678,0.311,231930.03,Hong Kong|Switzerland|South Africa,CHECK|INTERNATIONAL_REMITTANCE|WIRE|CARD,1
CUST-0485,Retail,2036,0.168,8259.32,Switzerland|Mexico|Brazil|India,CHECK|WIRE|INTERNATIONAL_REMITTANCE,0
CUST-0486,Retail,2750,0.135,7689.01,France|Cyprus|Canada,WIRE|CARD|CHECK,0
CUST-0487,Retail,360,0.227,4418.29,Singapore|Cyprus,CHECK|INTERNATIONAL_REMITTANCE,0
CUST-0488,HNI,3118,0.453,157968.29,Switzerland|Cyprus|Turkey,ACH|WIRE,1
CUST-0489,Retail,375,0.228,4636.36,Switzerland|Cyprus|Canada,ACH|CARD|INTERNATIONAL_REMITTANCE,0
CUST-0490,Retail,3436,0.296,5569.45,China|Switzerland|South Africa,WIRE|ACH,0
CUST-0491,Retail,891,0.293,6917.4,France|Singapore,CARD|CHECK|INTERNATIONAL_REMITTANCE|ACH,0
CUST-0492,SME,2180,0.507,42970.89,Hong Kong|South Africa|UAE|Turkey,WIRE|INTERNATIONAL_REMITTANCE|CARD,0
CUST-0493,Retail,1053,0.161,3000.57,Canada|USA|Turkey|Cyprus,WIRE|CARD|INTERNATIONAL_REMITTANCE,0
CUST-0494,Retail,659,0.264,5814.32,Mexico|UAE|Cyprus,ACH|CHECK,0
CUST-0495,Retail,2745,0.302,8358.1,Hong Kong|Brazil,ACH|INTERNATIONAL_REMITTANCE|WIRE|CARD,0
CUST-0496,HNI,2642,0.297,134507.8,UK|China,CHECK|INTERNATIONAL_REMITTANCE|CARD|ACH,0
CUST-0497,Retail,3006,0.185,5192.43,Singapore|UK|UAE,WIRE|CHECK|CARD|INTERNATIONAL_REMITTANCE,0
CUST-0498,Retail,417,0.16,5142.41,China|Turkey,WIRE|CHECK|CARD,0
CUST-0499,HNI,2673,0.543,246305.3,South Africa|Cyprus|Canada,INTERNATIONAL_REMITTANCE|WIRE|CHECK|ACH,0
CUST-0500,Corporate,2440,0.353,127705.29,Hong Kong|China|USA|India,WIRE|CHECK|ACH|CARD,0
